-- phpMyAdmin SQL Dump
-- version 5.1.3
-- https://www.phpmyadmin.net/
--
-- Host: 127.0.0.1
-- Generation Time: Jul 29, 2022 at 08:08 PM
-- Server version: 10.4.24-MariaDB
-- PHP Version: 7.4.29

SET SQL_MODE = "NO_AUTO_VALUE_ON_ZERO";
START TRANSACTION;
SET time_zone = "+00:00";


/*!40101 SET @OLD_CHARACTER_SET_CLIENT=@@CHARACTER_SET_CLIENT */;
/*!40101 SET @OLD_CHARACTER_SET_RESULTS=@@CHARACTER_SET_RESULTS */;
/*!40101 SET @OLD_COLLATION_CONNECTION=@@COLLATION_CONNECTION */;
/*!40101 SET NAMES utf8mb4 */;

--
-- Database: `projek`
--

-- --------------------------------------------------------

--
-- Table structure for table `login`
--

CREATE TABLE `login` (
  `username` varchar(50) NOT NULL,
  `password` varchar(25) NOT NULL
) ENGINE=InnoDB DEFAULT CHARSET=utf8mb4;

--
-- Dumping data for table `login`
--

INSERT INTO `login` (`username`, `password`) VALUES
('admin', 'admin'),
('aziiz', 'admin'),
('buli', 'admin'),
('riska', 'riska');

-- --------------------------------------------------------

--
-- Table structure for table `tab_alternatif`
--

CREATE TABLE `tab_alternatif` (
  `id_alternatif` int(11) NOT NULL,
  `nik` varchar(25) NOT NULL,
  `nama_alternatif` varchar(50) NOT NULL,
  `bagian` varchar(50) NOT NULL
) ENGINE=InnoDB DEFAULT CHARSET=latin1;

--
-- Dumping data for table `tab_alternatif`
--

INSERT INTO `tab_alternatif` (`id_alternatif`, `nik`, `nama_alternatif`, `bagian`) VALUES
(1, '2202080102010003', 'Samuel', 'PPIC'),
(2, '2202080102010004', 'Dwi Septianingsih', 'PPIC'),
(3, '2202080102010005', 'Feby', 'PPIC'),
(4, '2202080102010033', 'Wiranti', 'PRODUCTION'),
(5, '2202080102010103', 'Laras', 'PRODUCTION'),
(6, '0008983766009022', 'Dono Setiawan', 'PRODUCTION'),
(7, '000973900098000', 'Nana Wahyuningsih', 'QUALITY'),
(8, '2209888900099', 'Vinka Meila', 'QUALITY'),
(9, '0098800098800', 'Melani Raharja', 'QUALITY'),
(10, '9980000678000', 'Agus Hatmoko', 'HRD&GA'),
(11, '009888279900009', 'Sulaeman', 'HRD&GA'),
(12, '22098990009280', 'Riris Eka', 'HRD&GA'),
(13, '00989388700002', 'Isa Maryanti', 'Finance/Accounting'),
(14, '0098890033390', 'Wardana', 'Finance/Accounting'),
(15, '22009877600022', 'Yeti Ningsih', 'Finance/Accounting'),
(16, '00222990999800', 'Fadhila Widayanti', 'PPIC'),
(17, '0098008522230', 'Gatot Rizky ', 'PRODUCTION'),
(18, '2209998900980', 'Fikri Alamsyah', 'QUALITY'),
(19, '0099989022002', 'Nitami Ningrum', 'HRD&GA'),
(20, '22909998780002', 'Dendy Widya', 'Finance/Accounting');

-- --------------------------------------------------------

--
-- Table structure for table `tab_kriteria`
--

CREATE TABLE `tab_kriteria` (
  `id_kriteria` varchar(10) NOT NULL,
  `nama_kriteria` varchar(50) NOT NULL,
  `keterangan` text NOT NULL,
  `bobot` float NOT NULL
) ENGINE=InnoDB DEFAULT CHARSET=latin1;

--
-- Dumping data for table `tab_kriteria`
--

INSERT INTO `tab_kriteria` (`id_kriteria`, `nama_kriteria`, `keterangan`, `bobot`) VALUES
('1', 'Pendidikan', ' SD, SMP, SMK/SMA, D3, S1', 5),
('2', 'Pengalaman', ' Tidak Memilki Pengalaman, , Kurang Dari 1 Tahun, Untuk 1 Tahun, Lebih Dari 1 Tahun', 5),
('3', 'Usia', ' 41-45, 36-40, 31-35, 26-30, 20-25', 1),
('4', 'Kemampuan', ' Tidak Bisa Mengoperasikan Komputer, , Lumayan Bisa, , Bisa Mengoperasikan Komputer', 5),
('5', 'Status', ' , Sudah Menikah, , , Belum Menikah', 5),
('6', 'Alamat', ' , Luar Purwokerto, , , Domisili Purwokerto', 2),
('7', 'Penampilan', ' Penampilan Tidak Rapi, , , , Penampilan Rapi&Wangi', 5),
('8', 'Tes', ' Nilai Tes 50, Nilai Tes 60, Nilai Tes 70, Nilai Tes 80, Nilai Tes 90', 5);

-- --------------------------------------------------------

--
-- Table structure for table `tab_poin`
--

CREATE TABLE `tab_poin` (
  `id_poin` varchar(10) NOT NULL,
  `poin` varchar(10) NOT NULL,
  `sub` varchar(25) DEFAULT NULL
) ENGINE=InnoDB DEFAULT CHARSET=latin1;

--
-- Dumping data for table `tab_poin`
--

INSERT INTO `tab_poin` (`id_poin`, `poin`, `sub`) VALUES
('1', '1', '0-20'),
('2', '2', '21-40'),
('3', '3', '41-60'),
('4', '4', '61-80'),
('5', '5', '81-100');

-- --------------------------------------------------------

--
-- Table structure for table `tab_topsis`
--

CREATE TABLE `tab_topsis` (
  `id_alternatif` varchar(10) NOT NULL,
  `id_kriteria` varchar(10) NOT NULL,
  `nilai` float NOT NULL,
  `Id` int(11) NOT NULL,
  `tanggal` date DEFAULT NULL
) ENGINE=InnoDB DEFAULT CHARSET=utf8mb4;

--
-- Dumping data for table `tab_topsis`
--

INSERT INTO `tab_topsis` (`id_alternatif`, `id_kriteria`, `nilai`, `Id`, `tanggal`) VALUES
('1', '1', 3, 117, '2022-07-19'),
('1', '2', 5, 118, '2022-07-19'),
('1', '3', 5, 119, '2022-07-19'),
('1', '4', 3, 120, '2022-07-19'),
('1', '5', 5, 121, '2022-07-19'),
('1', '6', 5, 122, '2022-07-19'),
('1', '7', 5, 123, '2022-07-19'),
('1', '8', 3, 124, '2022-07-19'),
('2', '1', 3, 125, '2022-07-19'),
('2', '2', 1, 126, '2022-07-19'),
('2', '3', 2, 127, '2022-07-19'),
('2', '4', 1, 128, '2022-07-19'),
('2', '5', 2, 129, '2022-07-19'),
('2', '6', 5, 130, '2022-07-19'),
('2', '7', 1, 131, '2022-07-19'),
('2', '8', 2, 132, '2022-07-19'),
('3', '1', 3, 133, '2022-07-19'),
('3', '2', 4, 134, '2022-07-19'),
('3', '3', 5, 135, '2022-07-19'),
('3', '4', 5, 136, '2022-07-19'),
('3', '5', 5, 137, '2022-07-19'),
('3', '6', 5, 138, '2022-07-19'),
('3', '7', 5, 139, '2022-07-19'),
('3', '8', 4, 140, '2022-07-19'),
('4', '1', 3, 141, '2022-07-19'),
('4', '2', 5, 142, '2022-07-19'),
('4', '3', 5, 143, '2022-07-19'),
('4', '4', 5, 144, '2022-07-19'),
('4', '5', 5, 145, '2022-07-19'),
('4', '6', 2, 146, '2022-07-19'),
('4', '7', 5, 147, '2022-07-19'),
('4', '8', 4, 148, '2022-07-19'),
('5', '1', 2, 149, '2022-07-19'),
('5', '2', 4, 150, '2022-07-19'),
('5', '3', 5, 151, '2022-07-19'),
('5', '4', 3, 152, '2022-07-19'),
('5', '5', 5, 153, '2022-07-19'),
('5', '6', 5, 154, '2022-07-19'),
('5', '7', 3, 155, '2022-07-19'),
('5', '8', 4, 156, '2022-07-19'),
('6', '1', 1, 157, '2022-07-29'),
('6', '2', 4, 158, '2022-07-29'),
('6', '3', 3, 159, '2022-07-29'),
('6', '4', 3, 160, '2022-07-29'),
('6', '5', 2, 161, '2022-07-29'),
('6', '6', 5, 162, '2022-07-29'),
('6', '7', 5, 163, '2022-07-29'),
('6', '8', 3, 164, '2022-07-29'),
('7', '1', 2, 165, '2022-07-29'),
('7', '2', 3, 166, '2022-07-29'),
('7', '3', 4, 167, '2022-07-29'),
('7', '4', 3, 168, '2022-07-29'),
('7', '5', 2, 169, '2022-07-29'),
('7', '6', 5, 170, '2022-07-29'),
('7', '7', 5, 171, '2022-07-29'),
('7', '8', 3, 172, '2022-07-29'),
('8', '1', 5, 173, '2022-07-29'),
('8', '2', 4, 174, '2022-07-29'),
('8', '3', 5, 175, '2022-07-29'),
('8', '4', 5, 176, '2022-07-29'),
('8', '5', 5, 177, '2022-07-29'),
('8', '6', 5, 178, '2022-07-29'),
('8', '7', 5, 179, '2022-07-29'),
('8', '8', 4, 180, '2022-07-29'),
('9', '1', 4, 181, '2022-07-29'),
('9', '2', 1, 182, '2022-07-29'),
('9', '3', 5, 183, '2022-07-29'),
('9', '4', 3, 184, '2022-07-29'),
('9', '5', 5, 185, '2022-07-29'),
('9', '6', 2, 186, '2022-07-29'),
('9', '7', 5, 187, '2022-07-29'),
('9', '8', 4, 188, '2022-07-29'),
('10', '1', 5, 189, '2022-07-29'),
('10', '2', 4, 190, '2022-07-29'),
('10', '3', 3, 191, '2022-07-29'),
('10', '4', 5, 192, '2022-07-29'),
('10', '5', 5, 193, '2022-07-29'),
('10', '6', 2, 194, '2022-07-29'),
('10', '7', 5, 195, '2022-07-29'),
('10', '8', 4, 196, '2022-07-29'),
('11', '1', 5, 197, '2022-07-29'),
('11', '2', 5, 198, '2022-07-29'),
('11', '3', 4, 199, '2022-07-29'),
('11', '4', 5, 200, '2022-07-29'),
('11', '5', 2, 201, '2022-07-29'),
('11', '6', 5, 202, '2022-07-29'),
('11', '7', 1, 203, '2022-07-29'),
('11', '8', 3, 204, '2022-07-29'),
('12', '1', 5, 205, '2022-07-29'),
('12', '2', 3, 206, '2022-07-29'),
('12', '3', 4, 207, '2022-07-29'),
('12', '4', 5, 208, '2022-07-29'),
('12', '5', 5, 209, '2022-07-29'),
('12', '6', 2, 210, '2022-07-29'),
('12', '7', 5, 211, '2022-07-29'),
('12', '8', 4, 212, '2022-07-29'),
('13', '1', 4, 213, '2022-07-29'),
('13', '2', 3, 214, '2022-07-29'),
('13', '3', 5, 215, '2022-07-29'),
('13', '4', 5, 216, '2022-07-29'),
('13', '5', 5, 217, '2022-07-29'),
('13', '6', 5, 218, '2022-07-29'),
('13', '7', 5, 219, '2022-07-29'),
('13', '8', 5, 220, '2022-07-29'),
('14', '1', 3, 221, '2022-07-29'),
('14', '2', 1, 222, '2022-07-29'),
('14', '3', 4, 223, '2022-07-29'),
('14', '4', 3, 224, '2022-07-29'),
('14', '5', 2, 225, '2022-07-29'),
('14', '6', 5, 226, '2022-07-29'),
('14', '7', 5, 227, '2022-07-29'),
('14', '8', 3, 228, '2022-07-29'),
('15', '1', 5, 229, '2022-07-29'),
('15', '2', 4, 230, '2022-07-29'),
('15', '3', 3, 231, '2022-07-29'),
('15', '4', 5, 232, '2022-07-29'),
('15', '5', 2, 233, '2022-07-29'),
('15', '6', 2, 234, '2022-07-29'),
('15', '7', 5, 235, '2022-07-29'),
('15', '8', 4, 236, '2022-07-29'),
('16', '1', 3, 237, '2022-07-29'),
('16', '2', 1, 238, '2022-07-29'),
('16', '3', 5, 239, '2022-07-29'),
('16', '4', 3, 240, '2022-07-29'),
('16', '5', 5, 241, '2022-07-29'),
('16', '6', 2, 242, '2022-07-29'),
('16', '7', 5, 243, '2022-07-29'),
('16', '8', 3, 244, '2022-07-29'),
('17', '1', 4, 245, '2022-07-29'),
('17', '2', 1, 246, '2022-07-29'),
('17', '3', 5, 247, '2022-07-29'),
('17', '4', 5, 248, '2022-07-29'),
('17', '5', 5, 249, '2022-07-29'),
('17', '6', 2, 250, '2022-07-29'),
('17', '7', 1, 251, '2022-07-29'),
('17', '8', 4, 252, '2022-07-29'),
('18', '1', 4, 253, '2022-07-29'),
('18', '2', 4, 254, '2022-07-29'),
('18', '3', 5, 255, '2022-07-29'),
('18', '4', 3, 256, '2022-07-29'),
('18', '5', 5, 257, '2022-07-29'),
('18', '6', 5, 258, '2022-07-29'),
('18', '7', 1, 259, '2022-07-29'),
('18', '8', 2, 260, '2022-07-29'),
('19', '1', 2, 261, '2022-07-29'),
('19', '2', 1, 262, '2022-07-29'),
('19', '3', 3, 263, '2022-07-29'),
('19', '4', 3, 264, '2022-07-29'),
('19', '5', 2, 265, '2022-07-29'),
('19', '6', 5, 266, '2022-07-29'),
('19', '7', 5, 267, '2022-07-29'),
('19', '8', 3, 268, '2022-07-29'),
('20', '1', 4, 269, '2022-07-29'),
('20', '2', 1, 270, '2022-07-29'),
('20', '3', 5, 271, '2022-07-29'),
('20', '4', 3, 272, '2022-07-29'),
('20', '5', 2, 273, '2022-07-29'),
('20', '6', 2, 274, '2022-07-29'),
('20', '7', 5, 275, '2022-07-29'),
('20', '8', 4, 276, '2022-07-29'),
('4', '1', 3, 277, '2022-07-29'),
('4', '2', 4, 278, '2022-07-29'),
('4', '3', 5, 279, '2022-07-29'),
('4', '4', 5, 280, '2022-07-29'),
('4', '5', 5, 281, '2022-07-29'),
('4', '6', 5, 282, '2022-07-29'),
('4', '7', 5, 283, '2022-07-29'),
('4', '8', 4, 284, '2022-07-29'),
('5', '1', 2, 285, '2022-07-29'),
('5', '2', 4, 286, '2022-07-29'),
('5', '3', 5, 287, '2022-07-29'),
('5', '4', 3, 288, '2022-07-29'),
('5', '5', 5, 289, '2022-07-29'),
('5', '6', 5, 290, '2022-07-29'),
('5', '7', 5, 291, '2022-07-29'),
('5', '8', 4, 292, '2022-07-29');

--
-- Indexes for dumped tables
--

--
-- Indexes for table `login`
--
ALTER TABLE `login`
  ADD PRIMARY KEY (`username`);

--
-- Indexes for table `tab_alternatif`
--
ALTER TABLE `tab_alternatif`
  ADD PRIMARY KEY (`id_alternatif`);

--
-- Indexes for table `tab_kriteria`
--
ALTER TABLE `tab_kriteria`
  ADD PRIMARY KEY (`id_kriteria`);

--
-- Indexes for table `tab_poin`
--
ALTER TABLE `tab_poin`
  ADD PRIMARY KEY (`id_poin`);

--
-- Indexes for table `tab_topsis`
--
ALTER TABLE `tab_topsis`
  ADD PRIMARY KEY (`Id`,`id_alternatif`,`id_kriteria`);

--
-- AUTO_INCREMENT for dumped tables
--

--
-- AUTO_INCREMENT for table `tab_topsis`
--
ALTER TABLE `tab_topsis`
  MODIFY `Id` int(11) NOT NULL AUTO_INCREMENT, AUTO_INCREMENT=293;
COMMIT;

/*!40101 SET CHARACTER_SET_CLIENT=@OLD_CHARACTER_SET_CLIENT */;
/*!40101 SET CHARACTER_SET_RESULTS=@OLD_CHARACTER_SET_RESULTS */;
/*!40101 SET COLLATION_CONNECTION=@OLD_COLLATION_CONNECTION */;
